UHPI,PregnancyId
5608358,560835801-FEB-2016
5059623,505962308-NOV-2011
5610205,561020504-APR-2014
5113978,511397815-DEC-2015
5144821,514482101-FEB-2016
5064210,506421021-JAN-2016
5591287,559128711-FEB-2016
5606387,560638718-DEC-2013
5012567,501256705-NOV-2015
5642346,564234624-FEB-2016
5089070,508907015-SEP-2011
5627826,562782607-SEP-2015
5637573,563757309-NOV-2015
5097689,509768911-FEB-2016
5041115,504111518-MAY-2011
5457316,545731625-FEB-2013
5477727,547772725-JAN-2016
5275648,527564828-APR-2016
5620642,562064230-OCT-2015
5279249,527924922-FEB-2016
5569046,556904602-OCT-2015
5140522,514052202-MAR-2016
5054237,505423714-DEC-2015
5329707,532970713-NOV-2015
5138881,513888115-APR-2016
5017932,501793219-NOV-2015
5539846,553984618-MAR-2016
5076679,507667902-OCT-2015
5261628,526162804-APR-2016
5624898,562489818-FEB-2015
5582101,558210121-JAN-2016
5134463,513446308-DEC-2015
5137211,513721105-NOV-2015
5631853,563185328-JUL-2015
5048252,504825213-MAR-2016
5129850,512985024-FEB-2016
5105645,510564502-OCT-2015
5631761,563176116-DEC-2015
5633857,563385701-SEP-2015
5636850,563685012-NOV-2015
5050242,505024201-MAR-2016
5412635,541263531-MAR-2016
5306791,530679124-FEB-2016
5065192,506519214-MAR-2016
5146336,514633618-APR-2016
5601226,560122602-NOV-2015
5146942,514694202-NOV-2015
5630049,563004906-OCT-2015
5149998,514999809-NOV-2015
5118480,511848008-DEC-2015
5644985,564498511-APR-2016
5023549,502354902-FEB-2016
5588641,558864122-DEC-2012
5591163,559116318-NOV-2015
5054983,505498301-FEB-2016
5317937,531793701-FEB-2016
5253533,525353318-APR-2016
5488927,548892707-JAN-2016
5087277,508727722-FEB-2016
5549838,554983811-FEB-2016
5261152,526115204-JAN-2016
5638639,563863926-NOV-2015
5642062,564206210-FEB-2016
5602729,560272910-DEC-2015
5536140,553614008-OCT-2015
5437167,543716717-NOV-2015
5094952,509495221-JAN-2016
5455671,545567110-DEC-2015
5499376,549937602-DEC-2014
5605394,560539402-DEC-2013
5129241,512924114-OCT-2015
5435902,543590226-APR-2012
5641573,564157324-FEB-2016
5156504,515650424-AUG-2013
5467333,546733313-OCT-2015
5568489,556848909-DEC-2015
5024662,502466223-DEC-2015
5083213,508321301-APR-2016
5020105,502010508-DEC-2015
5081395,508139511-JAN-2016
5520835,552083523-NOV-2015
5582054,558205414-MAR-2016
5148187,514818714-DEC-2015
5489940,548994011-JAN-2016
5432008,543200819-APR-2016
5028981,502898107-DEC-2015
5197914,519791421-JAN-2016
5636196,563619607-OCT-2015
5324806,532480622-MAR-2016
5419874,541987412-OCT-2015
5449744,544974424-FEB-2016
5610865,561086508-FEB-2016
5020670,502067011-DEC-2015
5024695,502469524-FEB-2016
5617023,561702310-FEB-2016
5628130,562813008-MAY-2015
5631433,563143304-AUG-2015
5632035,563203529-MAR-2016
5094370,509437018-JAN-2016
5054147,505414727-APR-2016
5025478,502547820-JAN-2016
5441820,544182005-JAN-2012
5532369,553236908-FEB-2016
5603523,560352304-JAN-2016
5261790,526179011-FEB-2016
5141173,514117306-NOV-2015
5639095,563909514-DEC-2015
5482438,548243814-MAR-2016
5120059,512005910-FEB-2016
5585525,558552522-OCT-2012
5127199,512719921-DEC-2015
5432470,543247010-FEB-2016
5460866,546086614-JAN-2016
5034447,503444716-DEC-2015
5270457,527045716-NOV-2015
5048534,504853401-APR-2016
5585235,558523515-MAR-2016
5644334,564433430-MAR-2016
5492142,549214202-SEP-2015
5644154,564415429-MAR-2016
5403005,540300511-NOV-2015
5129404,512940422-FEB-2016
5615383,561538301-APR-2016
5300478,530047823-FEB-2016
5313017,531301717-DEC-2015
5030225,503022521-SEP-2015
5465700,546570006-JAN-2016
5613310,561331003-SEP-2014
5029010,502901017-SEP-2015
5042458,504245814-MAR-2016
5340617,534061729-DEC-2015
5258705,525870504-FEB-2016
5265163,526516302-SEP-2015
5495433,549543323-NOV-2012
5129356,512935602-MAR-2016
5143623,514362307-MAR-2016
5608970,560897028-AUG-2015
5212455,521245520-NOV-2015
5523951,552395111-APR-2016
5112249,511224906-JAN-2014
5583149,558314929-SEP-2015
5564381,556438122-DEC-2015
5021591,502159114-MAR-2016
5255385,525538521-JAN-2016
5645724,564572427-APR-2016
5604615,560461525-FEB-2016
5134118,513411816-MAR-2016
5276561,527656123-OCT-2015
5244701,524470111-APR-2016
5550002,555000229-JUN-2011
5616567,561656719-APR-2016
5634712,563471214-SEP-2015
5640671,564067114-JAN-2016
5007773,500777314-MAR-2016
5596183,559618328-MAY-2013
5612342,561234207-JAN-2016
5031401,503140114-MAR-2016
5029510,502951007-DEC-2015
5009593,500959331-MAR-2016
5319424,531942401-FEB-2016
5530577,553057719-NOV-2012
5126871,512687129-FEB-2016
5322363,532236301-FEB-2016
5569689,556968901-FEB-2016
5633991,563399110-DEC-2015
5137880,513788018-MAR-2016
5527079,552707920-NOV-2015
5491975,549197510-DEC-2015
5629999,562999901-JUN-2015
5038825,503882501-MAR-2016
5625412,562541214-MAR-2015
5607955,560795516-NOV-2015
5178871,517887111-APR-2016
5125314,512531401-FEB-2016
5091576,509157625-JAN-2016
5052315,505231514-DEC-2015
5609391,560939123-NOV-2015
5643699,564369921-MAR-2016
5638459,563845920-NOV-2015
5639389,563938917-DEC-2015
5445658,544565822-MAR-2016
5025778,502577829-OCT-2015
5638456,563845624-NOV-2015
5281301,528130118-DEC-2015
5397075,539707506-MAR-2014
5643095,564309510-MAR-2016
5271365,527136510-FEB-2016
5293513,529351312-MAY-2015
5073546,507354614-MAR-2016
5493133,549313305-APR-2016
5528846,552884603-DEC-2015
5635791,563579103-FEB-2016
5275949,527594914-APR-2016
5619536,561953608-OCT-2015
5531663,553166308-FEB-2016
5643296,564329614-MAR-2016
5034273,503427320-APR-2016
5635875,563587522-OCT-2015
5598142,559814204-JUL-2013
5644986,564498608-APR-2016
5023041,502304129-OCT-2015
5608239,560823908-MAR-2016
5610926,561092620-NOV-2015
5599834,559983401-OCT-2013
5509619,550961917-NOV-2015
5636265,563626505-OCT-2015
5582498,558249816-NOV-2015
5117424,511742404-AUG-2015
5277737,527773730-MAR-2016
5430553,543055307-JUL-2014
5546706,554670611-APR-2011
5641140,564114002-FEB-2016
5036696,503669626-NOV-2015
5317812,531781229-MAR-2016
5085062,508506224-FEB-2016
5539543,553954303-FEB-2016
5112018,511201825-NOV-2015
5118608,511860811-APR-2016
5523398,552339809-FEB-2016
5192928,519292821-JAN-2016
5643410,564341010-MAR-2016
5113927,511392714-JAN-2016
5019500,501950018-JAN-2016
5088046,508804623-OCT-2015
5644384,564438430-MAR-2016
5637929,563792913-NOV-2015
5230063,523006327-OCT-2015
5258353,525835324-FEB-2016
5437591,543759119-FEB-2016
5513879,551387909-MAR-2012
5551963,555196303-DEC-2015
5136664,513666410-FEB-2016
5463428,546342823-AUG-2011
5618653,561865303-NOV-2015
5126807,512680702-NOV-2015
5411352,541135210-FEB-2016
5258646,525864627-OCT-2015
5023045,502304517-NOV-2015
5135829,513582928-SEP-2015
5329670,532967004-APR-2016
5022203,502220305-NOV-2015
5637326,563732623-NOV-2015
5623690,562369007-DEC-2015
5283685,528368519-NOV-2015
5120082,512008223-DEC-2015
5467613,546761314-DEC-2015
5635462,563546225-SEP-2015
5630378,563037821-SEP-2015
5640447,564044708-FEB-2016
5062183,506218319-JAN-2016
5429978,542997811-FEB-2016
5636190,563619009-OCT-2015
5128326,512832606-JUL-2013
5532331,553233111-MAR-2016
5277696,527769610-DEC-2015
5038287,503828714-OCT-2015
5432933,543293308-DEC-2015
5002110,500211015-DEC-2015
5050154,505015427-MAY-2014
5151192,515119214-MAR-2016
5149086,514908614-DEC-2015
5057032,505703221-JAN-2016
5457988,545798816-APR-2016
5104968,510496812-DEC-2011
5638780,563878002-FEB-2016
5631743,563174318-MAR-2016
5065574,506557415-MAR-2016
5551095,555109514-MAR-2016
5636560,563656009-NOV-2015
5019093,501909305-NOV-2015
5256184,525618403-DEC-2015
5075732,507573224-FEB-2016
5307728,530772822-DEC-2015
5413981,541398114-APR-2016
5513458,551345818-DEC-2015
5590058,559005819-NOV-2015
5641952,564195224-FEB-2016
5029649,502964911-MAR-2016
5496444,549644404-MAR-2016
5624325,562432515-SEP-2015
5275419,527541914-DEC-2015
5157647,515764705-NOV-2015
5265302,526530207-OCT-2015
5610656,561065626-NOV-2015
5254558,525455802-MAR-2016
5073856,507385605-APR-2016
5422419,542241926-NOV-2015
5289488,528948801-FEB-2016
5326672,532667204-APR-2013
5603557,560355719-OCT-2015
5402305,540230522-OCT-2015
5257916,525791619-JAN-2016
5219967,521996722-MAR-2016
5275136,527513614-MAR-2016
5383111,538311105-JAN-2016
5058074,505807423-JAN-2014
5268565,526856510-AUG-2015
5029015,502901529-OCT-2015
5125374,512537424-NOV-2015
5132885,513288530-AUG-2013
5392070,539207024-FEB-2016
5036597,503659715-APR-2016
5012054,501205403-FEB-2016
5641941,564194111-FEB-2016
5021993,502199318-FEB-2016
5516374,551637416-JAN-2014
5622105,562210514-MAR-2016
5045588,504558828-JUN-2012
5638763,563876303-DEC-2015
5211486,521148630-APR-2013
5231480,523148011-JAN-2016
5513779,551377927-NOV-2015
5106564,510656417-FEB-2015
5604307,560430711-APR-2016
5633935,563393524-AUG-2015
5020700,502070010-DEC-2015
5626903,562690324-AUG-2015
5491268,549126814-MAR-2014
5600366,560036621-DEC-2015
5026409,502640905-OCT-2015
5152005,515200509-DEC-2015
5298214,529821425-OCT-2013
5339120,533912020-NOV-2011
5592739,559273904-NOV-2015
5641835,564183511-FEB-2016
5642424,564242424-FEB-2016
5090074,509007409-DEC-2015
5088810,508881011-JAN-2016
5071761,507176103-DEC-2015
5048592,504859203-FEB-2016
5569664,556966401-JUL-2015
5323499,532349918-JAN-2016
5324255,532425514-DEC-2015
5530076,553007605-APR-2016
5549758,554975825-NOV-2015
5516301,551630123-OCT-2015
5615834,561583423-NOV-2015
5045743,504574310-SEP-2015
5261099,526109924-FEB-2016
5069567,506956718-JAN-2016
5629420,562942024-FEB-2016
5073812,507381214-JAN-2016
5585438,558543811-FEB-2016
5592915,559291525-MAR-2013
5642700,564270024-FEB-2016
5011584,501158417-DEC-2015
5587182,558718216-NOV-2012
5118289,511828904-JAN-2016
5535144,553514422-DEC-2015
5292495,529249522-DEC-2015
5282286,528228607-JAN-2016
5254000,525400004-DEC-2015
5048266,504826609-FEB-2016
5219823,521982319-NOV-2015
5585420,558542021-JAN-2016
5576637,557663708-JAN-2016
5642652,564265218-FEB-2016
5605645,560564527-OCT-2015
5447544,544754411-JAN-2016
5158296,515829602-OCT-2013
5627592,562759209-NOV-2015
5521195,552119512-NOV-2015
5637405,563740503-NOV-2015
5136182,513618215-DEC-2015
5112999,511299923-OCT-2015
5033988,503398829-MAR-2016
5321033,532103313-OCT-2015
5051156,505115618-FEB-2016
5607212,560721224-NOV-2015
5643691,564369111-MAR-2016
5002998,500299814-MAR-2016
5053239,505323924-JUN-2015
5641859,564185904-FEB-2016
5547941,554794120-AUG-2013
5100947,510094706-JAN-2016
5549371,554937104-MAY-2011
5056683,505668308-FEB-2016
5092927,509292722-FEB-2016
5041193,504119322-FEB-2016
5533557,553355729-OCT-2015
5253190,525319010-OCT-2013
5634500,563450001-MAR-2016
5035421,503542127-OCT-2015
5090358,509035808-FEB-2016
5056393,505639319-MAR-2014
5410054,541005411-APR-2016
5640628,564062814-JAN-2016
5376578,537657803-FEB-2016
5105523,510552314-DEC-2015
5192729,519272929-MAR-2016
5097698,509769808-OCT-2015
5114251,511425110-JUL-2015
5133651,513365107-DEC-2015
5256180,525618011-FEB-2016
5437285,543728524-FEB-2016
5639924,563992401-FEB-2016
5069634,506963416-NOV-2015
5108854,510885422-FEB-2016
5589727,558972718-DEC-2015
5608305,560830511-APR-2016
5632056,563205616-MAR-2016
5327649,532764921-MAR-2016
5018281,501828102-FEB-2016
5036601,503660124-FEB-2016
5323507,532350727-OCT-2015
5025651,502565122-FEB-2016
5351909,535190927-OCT-2015
5637768,563776801-FEB-2016
5352896,535289630-MAR-2016
5569970,556997011-JUL-2014
5126806,512680604-NOV-2015
5644046,564404617-MAR-2016
5561090,556109005-DEC-2011
5596425,559642502-MAR-2016
5610674,561067402-MAR-2016
5044899,504489924-NOV-2015
5587174,558717404-AUG-2015
5352504,535250429-FEB-2016
5516600,551660002-AUG-2013
5636951,563695102-NOV-2015
5096500,509650004-JAN-2016
5522014,552201419-AUG-2015
5220843,522084311-JAN-2016
5315362,531536217-MAR-2016
5403101,540310130-MAR-2016
5617075,561707501-SEP-2014
5641244,564124401-FEB-2016
5461358,546135802-JUN-2014
5097509,509750902-FEB-2016
5146608,514660802-MAY-2013
5494905,549490520-FEB-2012
5048101,504810118-DEC-2015
5096540,509654001-DEC-2015
5126673,512667309-FEB-2016
5101311,510131104-JAN-2016
5301353,530135319-JAN-2016
5020724,502072422-DEC-2015
5157126,515712620-APR-2012
5256148,525614812-JAN-2016
5439049,543904921-DEC-2015
5641451,564145101-FEB-2016
5205472,520547225-FEB-2016
5043142,504314218-NOV-2015
5560306,556030626-NOV-2015
5141501,514150114-MAR-2016
5026315,502631527-OCT-2015
5157164,515716407-JUL-2014
5277214,527721411-APR-2016
5547315,554731525-NOV-2013
5065782,506578201-FEB-2016
5084879,508487914-MAR-2016
5585576,558557623-OCT-2015
5337509,533750917-DEC-2015
5595016,559501602-MAY-2013
5270962,527096223-DEC-2015
5110659,511065924-FEB-2016
5598082,559808201-SEP-2015
5331548,533154822-OCT-2015
5563193,556319319-OCT-2015
5589436,558943630-OCT-2015
5349947,534994705-APR-2016
5227769,522776902-APR-2012
5085587,508558702-MAR-2016
5461617,546161702-AUG-2012
5315456,531545604-JAN-2016
5640849,564084912-JAN-2016
5045459,504545915-MAY-2013
5602171,560217103-DEC-2015
5641163,564116322-JAN-2016
5076637,507663711-JAN-2016
5553824,555382411-AUG-2011
5308877,530887701-NOV-2011
5115592,511559208-JAN-2016
5549554,554955411-APR-2016
5266745,526674517-JUN-2015
5286749,528674911-NOV-2015
5626463,562646329-MAR-2016
5604591,560459121-JAN-2016
5632552,563255224-FEB-2016
5413302,541330216-JAN-2015
5585145,558514505-APR-2016
5263727,526372721-JAN-2016
5372433,537243301-FEB-2016
5635730,563573003-DEC-2015
5116730,511673004-JAN-2016
5567105,556710512-APR-2012
5615268,561526814-JAN-2016
5158911,515891119-APR-2016
5411117,541111715-APR-2016
5504576,550457604-JAN-2016
5277749,527774905-APR-2016
5052917,505291717-DEC-2015
5628032,562803217-DEC-2015
5287888,528788803-NOV-2015
5084116,508411621-DEC-2015
5107090,510709010-NOV-2015
5629375,562937511-FEB-2016
5265646,526564615-FEB-2015
5069926,506992625-FEB-2016
5589009,558900916-MAR-2016
5610227,561022723-FEB-2016
5544878,554487821-OCT-2015
5645278,564527814-APR-2016
5425498,542549801-APR-2016
5642719,564271916-FEB-2016
5592447,559244702-NOV-2015
5025090,502509010-NOV-2015
5322224,532222411-APR-2016
5009119,500911901-APR-2016
5609278,560927813-APR-2016
5065201,506520111-APR-2016
5639324,563932415-DEC-2015
5076891,507689119-APR-2016
5379764,537976401-APR-2016
5432619,543261914-JAN-2016
5279481,527948124-JUN-2011
5503774,550377420-MAR-2014
5292396,529239611-FEB-2016
5636533,563653308-MAR-2016
5144289,514428906-NOV-2015
5637134,563713403-NOV-2015
5386397,538639708-DEC-2015
5527737,552773717-DEC-2015
5094456,509445621-JAN-2016
5337567,533756701-FEB-2016
5113486,511348619-NOV-2015
5009271,500927119-FEB-2016
5595612,559561216-FEB-2016
5608848,560884816-NOV-2015
5026303,502630322-DEC-2015
5643716,564371621-MAR-2016
5454945,545494511-NOV-2015
5609130,560913029-MAR-2016
5083748,508374817-NOV-2015
5102833,510283303-FEB-2016
5149482,514948226-JAN-2016
5078147,507814729-MAR-2016
5257756,525775611-APR-2016
5313472,531347213-MAR-2016
5068900,506890016-SEP-2014
5581561,558156114-OCT-2015
5544321,554432117-AUG-2011
5075914,507591427-OCT-2015
5324889,532488919-JAN-2016
5018013,501801305-NOV-2015
5082282,508228202-NOV-2015
5108316,510831604-APR-2016
5639027,563902709-DEC-2015
5066795,506679529-MAR-2016
5600132,560013214-APR-2016
5397655,539765504-JAN-2016
5328770,532877004-JAN-2016
5602555,560255503-DEC-2015
5540563,554056307-DEC-2015
5015510,501551023-DEC-2015
5044700,504470004-JAN-2016
5033195,503319503-APR-2014
5010972,501097204-JAN-2016
5102439,510243905-NOV-2015
5556652,555665204-JAN-2016
5639032,563903210-DEC-2015
5010803,501080317-DEC-2015
5323436,532343617-DEC-2015
5642217,564221708-FEB-2016
5056258,505625802-NOV-2015
5598460,559846010-DEC-2015
5128208,512820820-JAN-2016
5013893,501389324-FEB-2016
5260697,526069703-DEC-2013
5135421,513542109-DEC-2015
5503522,550352225-MAR-2013
5282526,528252607-JAN-2016
5027008,502700816-FEB-2016
5046803,504680317-JUL-2012
5641636,564163608-FEB-2016
5607976,560797605-NOV-2015
5645425,564542514-APR-2016
5260059,526005904-JAN-2016
5534459,553445914-JAN-2016
5094674,509467422-MAR-2016
5406216,540621601-FEB-2016
5290890,529089011-APR-2016
5640398,564039806-JAN-2016
5129542,512954210-DEC-2015
5066014,506601416-NOV-2015
5056497,505649729-SEP-2015
5635255,563525503-DEC-2015
5598809,559880915-AUG-2013
5008698,500869824-JAN-2013
5236308,523630821-MAR-2016
5319342,531934222-FEB-2016
5091198,509119808-APR-2016
5594991,559499105-APR-2016
5516338,551633806-JAN-2016
5122526,512252611-APR-2016
5491230,549123020-FEB-2014
5282360,528236004-FEB-2016
5274705,527470513-OCT-2015
5642215,564221509-FEB-2016
5432028,543202829-FEB-2016
5263330,526333018-NOV-2015
5642705,564270518-FEB-2016
5121587,512158718-JAN-2016
5052792,505279230-OCT-2015
5482083,548208302-DEC-2015
5011374,501137414-OCT-2015
5135850,513585002-MAR-2016
5096022,509602230-OCT-2015
5536485,553648513-NOV-2015
5611861,561186117-DEC-2015
5111757,511175707-DEC-2015
5148622,514862221-JAN-2016
5526180,552618022-FEB-2016
5059184,505918422-OCT-2015
5323173,532317330-SEP-2015
5453847,545384719-JUL-2011
5582463,558246317-DEC-2015
5633914,563391411-FEB-2016
5397745,539774503-DEC-2015
5614377,561437711-MAR-2016
5600776,560077601-FEB-2016
5106445,510644505-APR-2016
5142221,514222116-NOV-2015
5257466,525746620-APR-2016
5146830,514683018-DEC-2015
5630581,563058118-JUN-2015
5596945,559694510-JUN-2013
5065791,506579108-FEB-2016
5166014,516601414-DEC-2015
5642377,564237724-FEB-2016
5144586,514458631-MAR-2016
5592532,559253206-NOV-2014
5046296,504629617-NOV-2015
5141662,514166207-SEP-2015
5639037,563903714-DEC-2015
5145510,514551014-JAN-2016
5158687,515868717-DEC-2015
5522482,552248223-DEC-2015
5635950,563595005-NOV-2015
5580985,558098528-APR-2016
5030850,503085010-SEP-2013
5610014,561001424-FEB-2016
5469986,546998602-NOV-2015
5513876,551387629-MAR-2016
5382888,538288830-SEP-2015
5614472,561447217-DEC-2015
5639727,563972718-DEC-2015
5113247,511324711-APR-2016
5063148,506314818-JAN-2016
5139222,513922204-JAN-2016
5280933,528093325-FEB-2016
5110413,511041315-OCT-2015
5624453,562445307-MAR-2016
5056921,505692110-DEC-2015
5610186,561018614-MAR-2016
5272714,527271427-OCT-2015
5304350,530435008-OCT-2015
5642224,564222411-FEB-2016
5064956,506495630-MAR-2016
5629253,562925318-MAR-2016
5609081,560908121-DEC-2015
5643454,564345421-MAR-2016
5554315,555431510-OCT-2012
5642392,564239224-FEB-2016
5637288,563728809-FEB-2016
5204403,520440325-JAN-2016
5465208,546520824-FEB-2016
5537276,553727612-MAR-2013
5445900,544590001-FEB-2016
5040210,504021011-APR-2016
5379773,537977303-DEC-2015
5625914,562591411-MAR-2015
5590560,559056003-AUG-2015
5152325,515232519-AUG-2011
5619405,561940503-FEB-2016
5582322,558232223-DEC-2015
5037593,503759310-FEB-2016
5614122,561412224-FEB-2016
5107892,510789226-NOV-2015
5112371,511237124-NOV-2015
5061410,506141010-DEC-2015
5631147,563114715-JAN-2016
5132546,513254617-NOV-2015
5007002,500700204-NOV-2015
5009153,500915324-NOV-2015
5126551,512655114-DEC-2015
5343575,534357508-JUL-2015
5601357,560135714-DEC-2015
5640355,564035514-JAN-2016
5571087,557108711-JAN-2016
5102707,510270721-JAN-2016
5522418,552241824-FEB-2016
5160151,516015125-NOV-2015
5424155,542415509-NOV-2012
5583899,558389914-DEC-2015
5525273,552527324-FEB-2016
5071763,507176301-MAY-2012
5385490,538549001-FEB-2016
5637545,563754505-NOV-2015
5144549,514454902-NOV-2015
5267258,526725811-MAY-2011
5050778,505077830-SEP-2014
5128843,512884305-APR-2016
5605698,560569804-JAN-2016
5542950,554295018-JAN-2016
5557578,555757812-NOV-2015
5017568,501756805-NOV-2015
5129751,512975122-OCT-2015
5449731,544973110-MAR-2016
5624708,562470801-OCT-2015
5615226,561522603-APR-2016
5634961,563496121-SEP-2015
5420955,542095512-OCT-2011
5087437,508743728-APR-2011
5254826,525482617-MAR-2015
5027525,502752505-NOV-2015
5501535,550153521-JAN-2016
5566081,556608109-MAR-2012
5611653,561165327-JUN-2014
5510632,551063231-MAR-2016
5625401,562540101-JUN-2015
5012033,501203301-MAR-2016
5015998,501599802-FEB-2016
5303947,530394712-OCT-2015
5641521,564152103-FEB-2016
5563712,556371223-DEC-2015
5208225,520822508-DEC-2015
5378453,537845321-JAN-2016
5273753,527375302-NOV-2015
5020108,502010811-JAN-2016
5267668,526766822-DEC-2015
5011520,501152011-APR-2016
5135711,513571128-SEP-2015
5593725,559372523-OCT-2015
5614269,561426911-FEB-2016
5645328,564532818-APR-2016
5473470,547347022-DEC-2015
5186599,518659910-NOV-2015
5257339,525733925-APR-2016
5615817,561581719-OCT-2015
5163548,516354804-AUG-2015
5288972,528897205-NOV-2015
5639302,563930211-DEC-2015
5642710,564271018-FEB-2016
5483211,548321118-APR-2016
5456680,545668011-APR-2016
5063202,506320203-NOV-2014
5082001,508200124-FEB-2016
5132809,513280908-DEC-2015
5601738,560173804-JAN-2016
5037287,503728702-NOV-2015
5154495,515449519-APR-2016
5427874,542787411-APR-2016
5384586,538458627-OCT-2015
5307403,530740330-JUL-2015
5063708,506370821-JAN-2016
5326076,532607603-MAR-2016
5628959,562895908-DEC-2015
5590036,559003603-FEB-2016
5406864,540686408-OCT-2015
5565465,556546502-MAR-2016
5084643,508464304-JAN-2016
5492694,549269418-DEC-2015
5007768,500776829-MAR-2016
5047623,504762307-JAN-2016
5083174,508317403-APR-2014
5563477,556347707-JAN-2016
5054629,505462903-DEC-2015
5051054,505105403-DEC-2015
5101329,510132902-MAR-2016
5606962,560696214-MAR-2016
5521527,552152704-JAN-2016
5051753,505175302-AUG-2013
5594095,559409523-JUL-2013
5109812,510981208-APR-2016
5259432,525943226-FEB-2016
5041289,504128911-JAN-2016
5097229,509722911-APR-2016
5562352,556235215-OCT-2015
5599657,559965702-AUG-2013
5055233,505523307-DEC-2015
5347100,534710002-DEC-2014
5583991,558399127-NOV-2015
5643139,564313904-MAR-2016
5503142,550314202-NOV-2015
5632341,563234117-NOV-2015
5318987,531898707-MAR-2016
5014100,501410004-MAR-2016
5468520,546852010-DEC-2015
5103666,510366607-JAN-2016
5062048,506204804-JAN-2016
5075078,507507820-JAN-2016
5102749,510274916-NOV-2015
5467654,546765429-JUL-2013
5567553,556755302-NOV-2015
5643740,564374028-APR-2016
5115739,511573917-MAR-2016
5135171,513517128-JUN-2012
5563124,556312422-OCT-2015
5591026,559102605-FEB-2013
5344539,534453908-FEB-2016
5423832,542383203-MAR-2016
5626298,562629817-NOV-2015
5642311,564231112-FEB-2016
5152018,515201801-FEB-2016
5517249,551724915-MAR-2012
5643689,564368909-MAR-2016
5006999,500699914-MAR-2016
5508437,550843731-JAN-2013
5557699,555769914-APR-2016
5640275,564027521-DEC-2015
5505252,550525229-FEB-2012
5531852,553185227-NOV-2015
5149687,514968720-NOV-2012
5054460,505446015-MAR-2016
5024283,502428311-FEB-2016
5603099,560309922-FEB-2016
5641839,564183911-FEB-2016
5637125,563712502-NOV-2015
5153293,515329308-APR-2016
5397434,539743430-MAR-2016
5337891,533789109-NOV-2015
5090410,509041025-FEB-2016
5063973,506397304-APR-2016
5016072,501607208-APR-2016
5067963,506796322-DEC-2015
5272947,527294708-DEC-2015
5585819,558581929-OCT-2015
5625906,562590617-JUN-2015
5642216,564221609-FEB-2016
5645597,564559727-APR-2016
5487846,548784608-JUL-2014
5480089,548008927-APR-2016
5023945,502394509-NOV-2015
5496566,549656621-JUN-2013
5616354,561635413-AUG-2014
5014120,501412017-NOV-2015
5333766,533376610-MAR-2016
5619210,561921015-JAN-2015
5642945,564294529-FEB-2016
5024316,502431626-JAN-2016
5591750,559175008-FEB-2016
5499255,549925520-NOV-2015
5598459,559845907-JUL-2013
5022120,502212001-OCT-2015
5053649,505364923-NOV-2015
5042972,504297211-APR-2016
5511817,551181707-FEB-2012
5101673,510167318-APR-2016
5042097,504209707-MAY-2013
5487432,548743214-MAR-2016
5143395,514339515-DEC-2015
5631873,563187310-MAR-2016
5130661,513066101-MAY-2013
5244598,524459803-FEB-2016
5113031,511303102-NOV-2015
5639979,563997922-DEC-2015
5643613,564361314-MAR-2016
5059677,505967717-NOV-2015
5641136,564113622-JAN-2016
5639728,563972818-DEC-2015
5541279,554127924-NOV-2015
5471074,547107428-SEP-2015
5058686,505868618-FEB-2016
5608830,560883027-OCT-2015
5583942,558394221-DEC-2015
5416242,541624208-FEB-2016
5624696,562469601-APR-2016
5098198,509819822-FEB-2016
5471177,547117718-JAN-2016
5561030,556103001-DEC-2011
5589146,558914608-APR-2016
5247114,524711403-FEB-2016
5001664,500166410-FEB-2016
5589133,558913329-SEP-2015
5075292,507529204-MAR-2016
5522660,552266014-OCT-2015
5512815,551281525-NOV-2015
5640784,564078418-JAN-2016
5498038,549803824-FEB-2016
5036637,503663725-JAN-2016
5637566,563756609-NOV-2015
5064478,506447831-MAR-2016
5049243,504924320-JAN-2016
5063904,506390424-FEB-2016
5593148,559314810-MAR-2016
5495998,549599821-SEP-2011
5544016,554401601-FEB-2016
5641162,564116222-JAN-2016
5446116,544611622-DEC-2015
5641579,564157903-FEB-2016
5124973,512497313-OCT-2015
5271441,527144107-MAR-2016
5064766,506476617-NOV-2015
5083603,508360301-APR-2016
5129426,512942630-MAR-2016
5509498,550949811-FEB-2013
5070521,507052123-FEB-2016
5517456,551745601-FEB-2016
5644233,564423330-MAR-2016
5565550,556555008-MAR-2012
5479413,547941321-JAN-2016
5640847,564084720-JAN-2016
5256265,525626511-JAN-2016
5550512,555051207-JUL-2011
5259853,525985310-MAR-2016
5067443,506744321-MAR-2016
5592772,559277212-FEB-2014
5132940,513294025-JUN-2015
5603192,560319230-MAR-2016
5261119,526111930-MAR-2016
5350578,535057805-APR-2016
5298495,529849523-OCT-2015
5163995,516399510-FEB-2016
5629388,562938828-APR-2016
5015093,501509326-FEB-2016
5588648,558864808-AUG-2013
5137192,513719228-JAN-2016
5262978,526297805-NOV-2015
5603279,560327928-SEP-2015
5514940,551494013-DEC-2015
5009703,500970305-JAN-2016
5565949,556594908-AUG-2013
5121663,512166303-DEC-2015
5635569,563556910-DEC-2015
5024642,502464214-MAR-2016
5419886,541988607-APR-2011
5627146,562714601-FEB-2016
5318845,531884525-SEP-2015
5581077,558107710-MAR-2016
5155916,515591626-NOV-2015
5560418,556041806-MAR-2012
5093748,509374811-APR-2016
5593751,559375104-APR-2013
5491190,549119009-OCT-2012
5534691,553469114-MAR-2016
5080893,508089311-FEB-2016
5539707,553970728-SEP-2015
5417716,541771606-OCT-2015
5529911,552991111-JAN-2016
5349182,534918206-OCT-2015
5458746,545874611-DEC-2012
5067723,506772324-FEB-2016
5638625,563862503-DEC-2015
5638556,563855626-NOV-2015
5308223,530822323-DEC-2015
5027389,502738911-APR-2016
5061412,506141221-JAN-2016
5010042,501004231-OCT-2013
5265397,526539714-MAR-2016
5263549,526354918-DEC-2015
5588097,558809708-APR-2016
5634218,563421808-SEP-2015
5269011,526901102-NOV-2015
5019743,501974324-FEB-2016
5406192,540619201-MAR-2016
5270222,527022217-FEB-2016
5587934,558793403-DEC-2014
5116378,511637813-OCT-2015
5516054,551605422-DEC-2015
5291173,529117323-DEC-2015
5067149,506714915-JAN-2015
5641161,564116121-JAN-2016
5642711,564271129-FEB-2016
5640844,564084420-JAN-2016
5585093,558509315-OCT-2012
5637828,563782813-NOV-2015
5042438,504243804-JAN-2016
5487823,548782313-MAR-2015
5078145,507814515-DEC-2015
5634992,563499214-DEC-2015
5257444,525744425-FEB-2016
5543220,554322003-DEC-2015
5264317,526431729-FEB-2016
5322066,532206622-AUG-2011
5342403,534240305-OCT-2015
5158564,515856402-FEB-2016
5567171,556717126-SEP-2012
5032650,503265030-SEP-2015
5642393,564239322-FEB-2016
5535294,553529417-NOV-2014
5256159,525615902-NOV-2015
5273485,527348510-NOV-2015
5121424,512142411-APR-2016
5569560,556956029-MAY-2012
5543984,554398404-JAN-2016
5085454,508545405-JAN-2016
5135720,513572004-JAN-2016
5106528,510652811-JAN-2016
5043679,504367911-JAN-2016
5331831,533183113-OCT-2015
5056341,505634124-FEB-2016
5469860,546986010-MAR-2016
5549431,554943105-NOV-2015
5614500,561450024-AUG-2015
5284850,528485025-JAN-2016
5135990,513599020-DEC-2012
5117001,511700120-DEC-2011
5420694,542069415-APR-2016
5097791,509779130-OCT-2015
5617470,561747010-MAR-2016
5644723,564472311-APR-2016
5299957,529995731-MAR-2016
5107884,510788427-NOV-2015
5348266,534826622-MAR-2016
5620840,562084016-NOV-2015
5451696,545169622-OCT-2015
5554255,555425520-MAY-2013
5056262,505626202-FEB-2016
5030034,503003429-SEP-2015
5080413,508041319-JAN-2016
5518315,551831501-FEB-2016
5544274,554427416-MAR-2016
5253621,525362127-NOV-2015
5282869,528286916-MAR-2016
5255309,525530926-JUN-2012
5236400,523640014-MAR-2016
5033913,503391308-JAN-2016
5521463,552146311-JUN-2012
5645043,564504314-APR-2016
5520053,552005318-APR-2016
5540288,554028803-AUG-2015
5025784,502578414-DEC-2015
5144408,514440827-OCT-2015
5336142,533614218-JAN-2016
5137258,513725814-APR-2016
5512572,551257203-NOV-2015
5254398,525439818-AUG-2014
5430324,543032422-JAN-2016
5076044,507604403-FEB-2014
5644987,564498705-APR-2016
5642686,564268624-FEB-2016
5118295,511829512-FEB-2016
5554682,555468212-APR-2016
5391606,539160611-FEB-2016
5617429,561742931-MAR-2016
5074894,507489411-FEB-2016
5120795,512079528-APR-2016
5610127,561012702-NOV-2015
5641995,564199507-MAR-2016
