UHPI,PregnancyId
5640447,564044708-FEB-2016
5094370,509437011-OCT-2011
5094370,509437018-JAN-2016
5026409,502640905-OCT-2015
5026409,502640918-NOV-2013
5051156,505115618-FEB-2016
5051156,505115628-JUN-2012
5461358,546135802-JUN-2014
5461358,546135819-JUL-2011
5048101,504810118-DEC-2015
5337567,533756701-FEB-2016
5337567,533756730-AUG-2013
5290890,529089011-APR-2016
5069926,506992618-JAN-2012
5069926,506992625-FEB-2016
5063148,506314818-JAN-2016
5467654,546765429-JUL-2013
5495998,549599821-SEP-2011
5544016,554401601-FEB-2016
5059677,505967717-NOV-2015
5059677,505967730-MAY-2012
5059623,505962308-NOV-2011
5605394,560539402-DEC-2013
5156504,515650424-AUG-2013
5583149,558314929-SEP-2015
5645724,564572427-APR-2016
5279249,527924922-FEB-2016
5279249,527924924-DEC-2012
5192928,519292821-JAN-2016
5050154,505015407-JUN-2011
5050154,505015410-JAN-2014
5050154,505015427-MAY-2014
5058074,505807423-JAN-2014
5057032,505703220-JAN-2014
5057032,505703221-JAN-2016
5392070,539207004-APR-2013
5392070,539207024-FEB-2016
5211486,521148630-APR-2013
5029649,502964911-MAR-2016
5029649,502964911-MAR-2016
5308877,530887701-NOV-2011
5549554,554955410-SEP-2014
5549554,554955411-APR-2016
5549554,554955421-FEB-2013
5018013,501801307-MAY-2013
5082282,508228202-MAY-2013
5082282,508228202-MAY-2013
5082282,508228202-NOV-2015
5082282,508228202-NOV-2015
5082282,508228227-OCT-2011
5066795,506679529-MAR-2016
5056497,505649729-SEP-2015
5008698,500869802-AUG-2011
5008698,500869824-JAN-2013
5516338,551633806-JAN-2016
5516338,551633806-SEP-2012
5516338,551633819-APR-2011
5633914,563391408-SEP-2015
5633914,563391411-FEB-2016
5473470,547347028-MAR-2013
5298214,529821414-APR-2011
5298214,529821425-OCT-2013
5298214,529821425-OCT-2013
5412635,541263505-FEB-2013
5412635,541263531-MAR-2016
5585525,558552522-OCT-2012
5034447,503444703-MAR-2015
5034447,503444716-DEC-2015
5048534,504853401-APR-2016
5501535,550153509-SEP-2013
5501535,550153509-SEP-2013
5501535,550153521-JAN-2016
5501535,550153521-JAN-2016
5619210,561921015-JAN-2015
5041289,504128911-JAN-2016
5041289,504128912-JUN-2012
5583991,558399126-SEP-2013
5583991,558399127-NOV-2015
5511817,551181707-FEB-2012
5471177,547117718-JAN-2016
5471177,547117721-AUG-2012
5001664,500166415-APR-2014
5075292,507529204-MAR-2016
5516054,551605422-DEC-2015
5516054,551605428-FEB-2013
5640844,564084420-JAN-2016
5491190,549119009-OCT-2012
5080413,508041316-AUG-2011
5080413,508041319-JAN-2016
5273485,527348510-NOV-2015
5273485,527348521-FEB-2012
5543984,554398404-JAN-2016
5430324,543032422-JAN-2016
5469860,546986010-MAR-2016
5120795,512079508-AUG-2011
5120795,512079512-NOV-2012
5120795,512079528-APR-2016
5451696,545169622-OCT-2015
5451696,545169623-APR-2013
5140522,514052202-MAR-2016
5313017,531301717-DEC-2015
5465700,546570006-JAN-2016
5261152,526115204-JAN-2016
5261152,526115221-JUL-2011
5275949,527594914-APR-2016
5275949,527594929-JAN-2013
5034273,503427320-APR-2016
5034273,503427320-APR-2016
5034273,503427324-SEP-2012
5034273,503427324-SEP-2012
5516301,551630109-MAY-2012
5516301,551630123-OCT-2015
5258646,525864627-OCT-2015
5258646,525864629-APR-2013
5352504,535250429-FEB-2016
5425498,542549801-APR-2016
5617075,561707501-SEP-2014
5536485,553648503-JUL-2012
5536485,553648513-NOV-2015
5059184,505918422-OCT-2015
5303947,530394712-OCT-2015
5110413,511041308-NOV-2011
5110413,511041315-OCT-2015
5110413,511041315-OCT-2015
